Period,Age,Susceptible Number,Infectious Presymptomatic Number,Recovered Number,scenario
0,0,925302,0,0,graph__test__tract_init_infectors__test_strat__result
0,1,2936160,0,0,graph__test__tract_init_infectors__test_strat__result
0,2,15912458,1,0,graph__test__tract_init_infectors__test_strat__result
0,3,3787315,0,0,graph__test__tract_init_infectors__test_strat__result
1,0,925302,0,0,graph__test__tract_init_infectors__test_strat__result
1,1,2936160,0,0,graph__test__tract_init_infectors__test_strat__result
1,2,15912458,0,0,graph__test__tract_init_infectors__test_strat__result
1,3,3787315,0,0,graph__test__tract_init_infectors__test_strat__result
2,0,925302,0,0,graph__test__tract_init_infectors__test_strat__result
2,1,2936160,0,0,graph__test__tract_init_infectors__test_strat__result
2,2,15912458,0,0,graph__test__tract_init_infectors__test_strat__result
2,3,3787315,0,0,graph__test__tract_init_infectors__test_strat__result
3,0,925302,0,0,graph__test__tract_init_infectors__test_strat__result
3,1,2936160,0,0,graph__test__tract_init_infectors__test_strat__result
3,2,15912458,0,0,graph__test__tract_init_infectors__test_strat__result
3,3,3787315,0,0,graph__test__tract_init_infectors__test_strat__result
4,0,925302,0,0,graph__test__tract_init_infectors__test_strat__result
4,1,2936160,0,0,graph__test__tract_init_infectors__test_strat__result
4,2,15912458,0,0,graph__test__tract_init_infectors__test_strat__result
4,3,3787315,0,0,graph__test__tract_init_infectors__test_strat__result
5,0,925302,0,0,graph__test__tract_init_infectors__test_strat__result
5,1,2936160,0,0,graph__test__tract_init_infectors__test_strat__result
5,2,15912458,0,0,graph__test__tract_init_infectors__test_strat__result
5,3,3787315,0,0,graph__test__tract_init_infectors__test_strat__result
6,0,925302,0,0,graph__test__tract_init_infectors__test_strat__result
6,1,2936160,0,0,graph__test__tract_init_infectors__test_strat__result
6,2,15912458,0,0,graph__test__tract_init_infectors__test_strat__result
6,3,3787315,0,0,graph__test__tract_init_infectors__test_strat__result
7,0,925302,0,0,graph__test__tract_init_infectors__test_strat__result
7,1,2936160,0,0,graph__test__tract_init_infectors__test_strat__result
7,2,15912458,0,0,graph__test__tract_init_infectors__test_strat__result
7,3,3787315,0,0,graph__test__tract_init_infectors__test_strat__result
8,0,925302,0,0,graph__test__tract_init_infectors__test_strat__result
8,1,2936160,0,0,graph__test__tract_init_infectors__test_strat__result
8,2,15912458,0,0,graph__test__tract_init_infectors__test_strat__result
8,3,3787315,0,0,graph__test__tract_init_infectors__test_strat__result
9,0,925302,0,0,graph__test__tract_init_infectors__test_strat__result
9,1,2936160,0,0,graph__test__tract_init_infectors__test_strat__result
9,2,15912458,0,0,graph__test__tract_init_infectors__test_strat__result
9,3,3787315,0,0,graph__test__tract_init_infectors__test_strat__result
10,0,925302,0,0,graph__test__tract_init_infectors__test_strat__result
10,1,2936160,0,0,graph__test__tract_init_infectors__test_strat__result
10,2,15912458,0,0,graph__test__tract_init_infectors__test_strat__result
10,3,3787315,0,0,graph__test__tract_init_infectors__test_strat__result
11,0,925302,0,0,graph__test__tract_init_infectors__test_strat__result
11,1,2936160,0,0,graph__test__tract_init_infectors__test_strat__result
11,2,15912458,0,0,graph__test__tract_init_infectors__test_strat__result
11,3,3787315,0,0,graph__test__tract_init_infectors__test_strat__result
12,0,925302,0,0,graph__test__tract_init_infectors__test_strat__result
12,1,2936160,0,0,graph__test__tract_init_infectors__test_strat__result
12,2,15912458,0,0,graph__test__tract_init_infectors__test_strat__result
12,3,3787315,0,0,graph__test__tract_init_infectors__test_strat__result
13,0,925302,0,0,graph__test__tract_init_infectors__test_strat__result
13,1,2936160,0,0,graph__test__tract_init_infectors__test_strat__result
13,2,15912458,0,0,graph__test__tract_init_infectors__test_strat__result
13,3,3787315,0,0,graph__test__tract_init_infectors__test_strat__result
14,0,925302,0,0,graph__test__tract_init_infectors__test_strat__result
14,1,2936160,0,0,graph__test__tract_init_infectors__test_strat__result
14,2,15912458,0,0,graph__test__tract_init_infectors__test_strat__result
14,3,3787315,0,0,graph__test__tract_init_infectors__test_strat__result
15,0,925302,0,0,graph__test__tract_init_infectors__test_strat__result
15,1,2936160,0,0,graph__test__tract_init_infectors__test_strat__result
15,2,15912458,0,0,graph__test__tract_init_infectors__test_strat__result
15,3,3787315,0,0,graph__test__tract_init_infectors__test_strat__result
16,0,925302,0,0,graph__test__tract_init_infectors__test_strat__result
16,1,2936160,0,0,graph__test__tract_init_infectors__test_strat__result
16,2,15912458,0,0,graph__test__tract_init_infectors__test_strat__result
16,3,3787315,0,0,graph__test__tract_init_infectors__test_strat__result
17,0,925302,0,0,graph__test__tract_init_infectors__test_strat__result
17,1,2936160,0,0,graph__test__tract_init_infectors__test_strat__result
17,2,15912458,0,0,graph__test__tract_init_infectors__test_strat__result
17,3,3787315,0,0,graph__test__tract_init_infectors__test_strat__result
18,0,925302,0,0,graph__test__tract_init_infectors__test_strat__result
18,1,2936160,0,0,graph__test__tract_init_infectors__test_strat__result
18,2,15912458,0,0,graph__test__tract_init_infectors__test_strat__result
18,3,3787315,0,0,graph__test__tract_init_infectors__test_strat__result
19,0,925302,0,0,graph__test__tract_init_infectors__test_strat__result
19,1,2936160,0,0,graph__test__tract_init_infectors__test_strat__result
19,2,15912458,0,0,graph__test__tract_init_infectors__test_strat__result
19,3,3787315,0,0,graph__test__tract_init_infectors__test_strat__result
20,0,925302,0,0,graph__test__tract_init_infectors__test_strat__result
20,1,2936160,0,0,graph__test__tract_init_infectors__test_strat__result
20,2,15912458,0,0,graph__test__tract_init_infectors__test_strat__result
20,3,3787315,0,0,graph__test__tract_init_infectors__test_strat__result
21,0,925302,0,0,graph__test__tract_init_infectors__test_strat__result
21,1,2936160,0,0,graph__test__tract_init_infectors__test_strat__result
21,2,15912458,0,0,graph__test__tract_init_infectors__test_strat__result
21,3,3787315,0,0,graph__test__tract_init_infectors__test_strat__result
22,0,925302,0,0,graph__test__tract_init_infectors__test_strat__result
22,1,2936160,0,0,graph__test__tract_init_infectors__test_strat__result
22,2,15912458,0,0,graph__test__tract_init_infectors__test_strat__result
22,3,3787315,0,0,graph__test__tract_init_infectors__test_strat__result
23,0,925302,0,0,graph__test__tract_init_infectors__test_strat__result
23,1,2936160,0,0,graph__test__tract_init_infectors__test_strat__result
23,2,15912458,0,0,graph__test__tract_init_infectors__test_strat__result
23,3,3787315,0,0,graph__test__tract_init_infectors__test_strat__result
24,0,925302,0,0,graph__test__tract_init_infectors__test_strat__result
24,1,2936160,0,0,graph__test__tract_init_infectors__test_strat__result
24,2,15912458,0,0,graph__test__tract_init_infectors__test_strat__result
24,3,3787315,0,0,graph__test__tract_init_infectors__test_strat__result
25,0,925302,0,0,graph__test__tract_init_infectors__test_strat__result
25,1,2936160,0,0,graph__test__tract_init_infectors__test_strat__result
25,2,15912458,0,0,graph__test__tract_init_infectors__test_strat__result
25,3,3787315,0,0,graph__test__tract_init_infectors__test_strat__result
26,0,925302,0,0,graph__test__tract_init_infectors__test_strat__result
26,1,2936160,0,0,graph__test__tract_init_infectors__test_strat__result
26,2,15912458,0,0,graph__test__tract_init_infectors__test_strat__result
26,3,3787315,0,0,graph__test__tract_init_infectors__test_strat__result
27,0,925302,0,0,graph__test__tract_init_infectors__test_strat__result
27,1,2936160,0,0,graph__test__tract_init_infectors__test_strat__result
27,2,15912458,0,0,graph__test__tract_init_infectors__test_strat__result
27,3,3787315,0,0,graph__test__tract_init_infectors__test_strat__result
28,0,925302,0,0,graph__test__tract_init_infectors__test_strat__result
28,1,2936160,0,0,graph__test__tract_init_infectors__test_strat__result
28,2,15912458,0,0,graph__test__tract_init_infectors__test_strat__result
28,3,3787315,0,0,graph__test__tract_init_infectors__test_strat__result
29,0,925302,0,0,graph__test__tract_init_infectors__test_strat__result
29,1,2936160,0,0,graph__test__tract_init_infectors__test_strat__result
29,2,15912458,0,0,graph__test__tract_init_infectors__test_strat__result
29,3,3787315,0,0,graph__test__tract_init_infectors__test_strat__result
30,0,925302,0,0,graph__test__tract_init_infectors__test_strat__result
30,1,2936160,0,0,graph__test__tract_init_infectors__test_strat__result
30,2,15912458,0,0,graph__test__tract_init_infectors__test_strat__result
30,3,3787315,0,0,graph__test__tract_init_infectors__test_strat__result
31,0,925302,0,0,graph__test__tract_init_infectors__test_strat__result
31,1,2936160,0,0,graph__test__tract_init_infectors__test_strat__result
31,2,15912458,0,0,graph__test__tract_init_infectors__test_strat__result
31,3,3787315,0,0,graph__test__tract_init_infectors__test_strat__result
32,0,925302,0,0,graph__test__tract_init_infectors__test_strat__result
32,1,2936160,0,0,graph__test__tract_init_infectors__test_strat__result
32,2,15912458,0,0,graph__test__tract_init_infectors__test_strat__result
32,3,3787315,0,0,graph__test__tract_init_infectors__test_strat__result
33,0,925302,0,0,graph__test__tract_init_infectors__test_strat__result
33,1,2936160,0,0,graph__test__tract_init_infectors__test_strat__result
33,2,15912458,0,0,graph__test__tract_init_infectors__test_strat__result
33,3,3787315,0,0,graph__test__tract_init_infectors__test_strat__result
34,0,925302,0,0,graph__test__tract_init_infectors__test_strat__result
34,1,2936160,0,0,graph__test__tract_init_infectors__test_strat__result
34,2,15912458,0,0,graph__test__tract_init_infectors__test_strat__result
34,3,3787315,0,0,graph__test__tract_init_infectors__test_strat__result
35,0,925302,0,0,graph__test__tract_init_infectors__test_strat__result
35,1,2936160,0,0,graph__test__tract_init_infectors__test_strat__result
35,2,15912458,0,0,graph__test__tract_init_infectors__test_strat__result
35,3,3787315,0,0,graph__test__tract_init_infectors__test_strat__result
36,0,925302,0,0,graph__test__tract_init_infectors__test_strat__result
36,1,2936160,0,0,graph__test__tract_init_infectors__test_strat__result
36,2,15912458,0,0,graph__test__tract_init_infectors__test_strat__result
36,3,3787315,0,0,graph__test__tract_init_infectors__test_strat__result
37,0,925302,0,0,graph__test__tract_init_infectors__test_strat__result
37,1,2936160,0,0,graph__test__tract_init_infectors__test_strat__result
37,2,15912458,0,0,graph__test__tract_init_infectors__test_strat__result
37,3,3787315,0,0,graph__test__tract_init_infectors__test_strat__result
38,0,925302,0,0,graph__test__tract_init_infectors__test_strat__result
38,1,2936160,0,0,graph__test__tract_init_infectors__test_strat__result
38,2,15912458,0,0,graph__test__tract_init_infectors__test_strat__result
38,3,3787315,0,0,graph__test__tract_init_infectors__test_strat__result
39,0,925302,0,0,graph__test__tract_init_infectors__test_strat__result
39,1,2936160,0,0,graph__test__tract_init_infectors__test_strat__result
39,2,15912458,0,0,graph__test__tract_init_infectors__test_strat__result
39,3,3787315,0,0,graph__test__tract_init_infectors__test_strat__result
40,0,925302,0,0,graph__test__tract_init_infectors__test_strat__result
40,1,2936160,0,0,graph__test__tract_init_infectors__test_strat__result
40,2,15912458,0,0,graph__test__tract_init_infectors__test_strat__result
40,3,3787315,0,0,graph__test__tract_init_infectors__test_strat__result
41,0,925302,0,0,graph__test__tract_init_infectors__test_strat__result
41,1,2936160,0,0,graph__test__tract_init_infectors__test_strat__result
41,2,15912458,0,0,graph__test__tract_init_infectors__test_strat__result
41,3,3787315,0,0,graph__test__tract_init_infectors__test_strat__result
42,0,925302,0,0,graph__test__tract_init_infectors__test_strat__result
42,1,2936160,0,0,graph__test__tract_init_infectors__test_strat__result
42,2,15912458,0,0,graph__test__tract_init_infectors__test_strat__result
42,3,3787315,0,0,graph__test__tract_init_infectors__test_strat__result
43,0,925302,0,0,graph__test__tract_init_infectors__test_strat__result
43,1,2936160,0,0,graph__test__tract_init_infectors__test_strat__result
43,2,15912458,0,0,graph__test__tract_init_infectors__test_strat__result
43,3,3787315,0,0,graph__test__tract_init_infectors__test_strat__result
44,0,925302,0,0,graph__test__tract_init_infectors__test_strat__result
44,1,2936160,0,0,graph__test__tract_init_infectors__test_strat__result
44,2,15912458,0,0,graph__test__tract_init_infectors__test_strat__result
44,3,3787315,0,0,graph__test__tract_init_infectors__test_strat__result
45,0,925302,0,0,graph__test__tract_init_infectors__test_strat__result
45,1,2936160,0,0,graph__test__tract_init_infectors__test_strat__result
45,2,15912458,0,0,graph__test__tract_init_infectors__test_strat__result
45,3,3787315,0,0,graph__test__tract_init_infectors__test_strat__result
46,0,925302,0,0,graph__test__tract_init_infectors__test_strat__result
46,1,2936160,0,0,graph__test__tract_init_infectors__test_strat__result
46,2,15912458,0,0,graph__test__tract_init_infectors__test_strat__result
46,3,3787315,0,0,graph__test__tract_init_infectors__test_strat__result
47,0,925302,0,0,graph__test__tract_init_infectors__test_strat__result
47,1,2936160,0,0,graph__test__tract_init_infectors__test_strat__result
47,2,15912458,0,0,graph__test__tract_init_infectors__test_strat__result
47,3,3787315,0,0,graph__test__tract_init_infectors__test_strat__result
48,0,925302,0,0,graph__test__tract_init_infectors__test_strat__result
48,1,2936160,0,0,graph__test__tract_init_infectors__test_strat__result
48,2,15912458,0,0,graph__test__tract_init_infectors__test_strat__result
48,3,3787315,0,0,graph__test__tract_init_infectors__test_strat__result
49,0,925302,0,0,graph__test__tract_init_infectors__test_strat__result
49,1,2936160,0,0,graph__test__tract_init_infectors__test_strat__result
49,2,15912458,0,0,graph__test__tract_init_infectors__test_strat__result
49,3,3787315,0,0,graph__test__tract_init_infectors__test_strat__result
50,0,925302,0,0,graph__test__tract_init_infectors__test_strat__result
50,1,2936160,0,0,graph__test__tract_init_infectors__test_strat__result
50,2,15912458,0,0,graph__test__tract_init_infectors__test_strat__result
50,3,3787315,0,0,graph__test__tract_init_infectors__test_strat__result
51,0,925302,0,0,graph__test__tract_init_infectors__test_strat__result
51,1,2936160,0,0,graph__test__tract_init_infectors__test_strat__result
51,2,15912458,0,0,graph__test__tract_init_infectors__test_strat__result
51,3,3787315,0,0,graph__test__tract_init_infectors__test_strat__result
52,0,925302,0,0,graph__test__tract_init_infectors__test_strat__result
52,1,2936160,0,0,graph__test__tract_init_infectors__test_strat__result
52,2,15912458,0,0,graph__test__tract_init_infectors__test_strat__result
52,3,3787315,0,0,graph__test__tract_init_infectors__test_strat__result
53,0,925302,0,0,graph__test__tract_init_infectors__test_strat__result
53,1,2936160,0,0,graph__test__tract_init_infectors__test_strat__result
53,2,15912458,0,0,graph__test__tract_init_infectors__test_strat__result
53,3,3787315,0,0,graph__test__tract_init_infectors__test_strat__result
54,0,925302,0,0,graph__test__tract_init_infectors__test_strat__result
54,1,2936160,0,0,graph__test__tract_init_infectors__test_strat__result
54,2,15912458,0,0,graph__test__tract_init_infectors__test_strat__result
54,3,3787315,0,0,graph__test__tract_init_infectors__test_strat__result
55,0,925302,0,0,graph__test__tract_init_infectors__test_strat__result
55,1,2936160,0,0,graph__test__tract_init_infectors__test_strat__result
55,2,15912458,0,0,graph__test__tract_init_infectors__test_strat__result
55,3,3787315,0,0,graph__test__tract_init_infectors__test_strat__result
56,0,925302,0,0,graph__test__tract_init_infectors__test_strat__result
56,1,2936160,0,0,graph__test__tract_init_infectors__test_strat__result
56,2,15912458,0,0,graph__test__tract_init_infectors__test_strat__result
56,3,3787315,0,0,graph__test__tract_init_infectors__test_strat__result
57,0,925302,0,0,graph__test__tract_init_infectors__test_strat__result
57,1,2936160,0,0,graph__test__tract_init_infectors__test_strat__result
57,2,15912458,0,0,graph__test__tract_init_infectors__test_strat__result
57,3,3787315,0,0,graph__test__tract_init_infectors__test_strat__result
58,0,925302,0,0,graph__test__tract_init_infectors__test_strat__result
58,1,2936160,0,0,graph__test__tract_init_infectors__test_strat__result
58,2,15912458,0,0,graph__test__tract_init_infectors__test_strat__result
58,3,3787315,0,0,graph__test__tract_init_infectors__test_strat__result
59,0,925302,0,0,graph__test__tract_init_infectors__test_strat__result
59,1,2936160,0,0,graph__test__tract_init_infectors__test_strat__result
59,2,15912458,0,0,graph__test__tract_init_infectors__test_strat__result
59,3,3787315,0,0,graph__test__tract_init_infectors__test_strat__result
60,0,925302,0,0,graph__test__tract_init_infectors__test_strat__result
60,1,2936160,0,0,graph__test__tract_init_infectors__test_strat__result
60,2,15912458,0,0,graph__test__tract_init_infectors__test_strat__result
60,3,3787315,0,0,graph__test__tract_init_infectors__test_strat__result
61,0,925302,0,0,graph__test__tract_init_infectors__test_strat__result
61,1,2936160,0,0,graph__test__tract_init_infectors__test_strat__result
61,2,15912458,0,0,graph__test__tract_init_infectors__test_strat__result
61,3,3787315,0,0,graph__test__tract_init_infectors__test_strat__result
62,0,925302,0,0,graph__test__tract_init_infectors__test_strat__result
62,1,2936160,0,0,graph__test__tract_init_infectors__test_strat__result
62,2,15912458,0,0,graph__test__tract_init_infectors__test_strat__result
62,3,3787315,0,0,graph__test__tract_init_infectors__test_strat__result
63,0,925302,0,0,graph__test__tract_init_infectors__test_strat__result
63,1,2936160,0,0,graph__test__tract_init_infectors__test_strat__result
63,2,15912458,0,0,graph__test__tract_init_infectors__test_strat__result
63,3,3787315,0,0,graph__test__tract_init_infectors__test_strat__result
64,0,925302,0,0,graph__test__tract_init_infectors__test_strat__result
64,1,2936160,0,0,graph__test__tract_init_infectors__test_strat__result
64,2,15912458,0,0,graph__test__tract_init_infectors__test_strat__result
64,3,3787315,0,0,graph__test__tract_init_infectors__test_strat__result
65,0,925302,0,0,graph__test__tract_init_infectors__test_strat__result
65,1,2936160,0,0,graph__test__tract_init_infectors__test_strat__result
65,2,15912458,0,0,graph__test__tract_init_infectors__test_strat__result
65,3,3787315,0,0,graph__test__tract_init_infectors__test_strat__result
66,0,925302,0,0,graph__test__tract_init_infectors__test_strat__result
66,1,2936160,0,0,graph__test__tract_init_infectors__test_strat__result
66,2,15912458,0,0,graph__test__tract_init_infectors__test_strat__result
66,3,3787315,0,0,graph__test__tract_init_infectors__test_strat__result
67,0,925302,0,0,graph__test__tract_init_infectors__test_strat__result
67,1,2936160,0,0,graph__test__tract_init_infectors__test_strat__result
67,2,15912458,0,0,graph__test__tract_init_infectors__test_strat__result
67,3,3787315,0,0,graph__test__tract_init_infectors__test_strat__result
68,0,925302,0,0,graph__test__tract_init_infectors__test_strat__result
68,1,2936160,0,0,graph__test__tract_init_infectors__test_strat__result
68,2,15912458,0,0,graph__test__tract_init_infectors__test_strat__result
68,3,3787315,0,0,graph__test__tract_init_infectors__test_strat__result
69,0,925302,0,0,graph__test__tract_init_infectors__test_strat__result
69,1,2936160,0,0,graph__test__tract_init_infectors__test_strat__result
69,2,15912458,0,0,graph__test__tract_init_infectors__test_strat__result
69,3,3787315,0,0,graph__test__tract_init_infectors__test_strat__result
70,0,925302,0,0,graph__test__tract_init_infectors__test_strat__result
70,1,2936160,0,0,graph__test__tract_init_infectors__test_strat__result
70,2,15912458,0,0,graph__test__tract_init_infectors__test_strat__result
70,3,3787315,0,0,graph__test__tract_init_infectors__test_strat__result
71,0,925302,0,0,graph__test__tract_init_infectors__test_strat__result
71,1,2936160,0,0,graph__test__tract_init_infectors__test_strat__result
71,2,15912458,0,0,graph__test__tract_init_infectors__test_strat__result
71,3,3787315,0,0,graph__test__tract_init_infectors__test_strat__result
72,0,925302,0,0,graph__test__tract_init_infectors__test_strat__result
72,1,2936160,0,0,graph__test__tract_init_infectors__test_strat__result
72,2,15912458,0,0,graph__test__tract_init_infectors__test_strat__result
72,3,3787315,0,0,graph__test__tract_init_infectors__test_strat__result
73,0,925302,0,0,graph__test__tract_init_infectors__test_strat__result
73,1,2936160,0,0,graph__test__tract_init_infectors__test_strat__result
73,2,15912458,0,0,graph__test__tract_init_infectors__test_strat__result
73,3,3787315,0,0,graph__test__tract_init_infectors__test_strat__result
74,0,925302,0,0,graph__test__tract_init_infectors__test_strat__result
74,1,2936160,0,0,graph__test__tract_init_infectors__test_strat__result
74,2,15912458,0,0,graph__test__tract_init_infectors__test_strat__result
74,3,3787315,0,0,graph__test__tract_init_infectors__test_strat__result
75,0,925302,0,0,graph__test__tract_init_infectors__test_strat__result
75,1,2936160,0,0,graph__test__tract_init_infectors__test_strat__result
75,2,15912458,0,0,graph__test__tract_init_infectors__test_strat__result
75,3,3787315,0,0,graph__test__tract_init_infectors__test_strat__result
76,0,925302,0,0,graph__test__tract_init_infectors__test_strat__result
76,1,2936160,0,0,graph__test__tract_init_infectors__test_strat__result
76,2,15912458,0,0,graph__test__tract_init_infectors__test_strat__result
76,3,3787315,0,0,graph__test__tract_init_infectors__test_strat__result
77,0,925302,0,0,graph__test__tract_init_infectors__test_strat__result
77,1,2936160,0,0,graph__test__tract_init_infectors__test_strat__result
77,2,15912458,0,0,graph__test__tract_init_infectors__test_strat__result
77,3,3787315,0,0,graph__test__tract_init_infectors__test_strat__result
78,0,925302,0,0,graph__test__tract_init_infectors__test_strat__result
78,1,2936160,0,0,graph__test__tract_init_infectors__test_strat__result
78,2,15912458,0,0,graph__test__tract_init_infectors__test_strat__result
78,3,3787315,0,0,graph__test__tract_init_infectors__test_strat__result
79,0,925302,0,0,graph__test__tract_init_infectors__test_strat__result
79,1,2936160,0,0,graph__test__tract_init_infectors__test_strat__result
79,2,15912458,0,0,graph__test__tract_init_infectors__test_strat__result
79,3,3787315,0,0,graph__test__tract_init_infectors__test_strat__result
80,0,925302,0,0,graph__test__tract_init_infectors__test_strat__result
80,1,2936160,0,0,graph__test__tract_init_infectors__test_strat__result
80,2,15912458,0,0,graph__test__tract_init_infectors__test_strat__result
80,3,3787315,0,0,graph__test__tract_init_infectors__test_strat__result
81,0,925302,0,0,graph__test__tract_init_infectors__test_strat__result
81,1,2936160,0,0,graph__test__tract_init_infectors__test_strat__result
81,2,15912458,0,0,graph__test__tract_init_infectors__test_strat__result
81,3,3787315,0,0,graph__test__tract_init_infectors__test_strat__result
82,0,925302,0,0,graph__test__tract_init_infectors__test_strat__result
82,1,2936160,0,0,graph__test__tract_init_infectors__test_strat__result
82,2,15912458,0,0,graph__test__tract_init_infectors__test_strat__result
82,3,3787315,0,0,graph__test__tract_init_infectors__test_strat__result
83,0,925302,0,0,graph__test__tract_init_infectors__test_strat__result
83,1,2936160,0,0,graph__test__tract_init_infectors__test_strat__result
83,2,15912458,0,0,graph__test__tract_init_infectors__test_strat__result
83,3,3787315,0,0,graph__test__tract_init_infectors__test_strat__result
84,0,925302,0,0,graph__test__tract_init_infectors__test_strat__result
84,1,2936160,0,0,graph__test__tract_init_infectors__test_strat__result
84,2,15912458,0,0,graph__test__tract_init_infectors__test_strat__result
84,3,3787315,0,0,graph__test__tract_init_infectors__test_strat__result
85,0,925302,0,0,graph__test__tract_init_infectors__test_strat__result
85,1,2936160,0,0,graph__test__tract_init_infectors__test_strat__result
85,2,15912458,0,0,graph__test__tract_init_infectors__test_strat__result
85,3,3787315,0,0,graph__test__tract_init_infectors__test_strat__result
86,0,925302,0,0,graph__test__tract_init_infectors__test_strat__result
86,1,2936160,0,0,graph__test__tract_init_infectors__test_strat__result
86,2,15912458,0,0,graph__test__tract_init_infectors__test_strat__result
86,3,3787315,0,0,graph__test__tract_init_infectors__test_strat__result
87,0,925302,0,0,graph__test__tract_init_infectors__test_strat__result
87,1,2936160,0,0,graph__test__tract_init_infectors__test_strat__result
87,2,15912458,0,0,graph__test__tract_init_infectors__test_strat__result
87,3,3787315,0,0,graph__test__tract_init_infectors__test_strat__result
88,0,925302,0,0,graph__test__tract_init_infectors__test_strat__result
88,1,2936160,0,0,graph__test__tract_init_infectors__test_strat__result
88,2,15912458,0,0,graph__test__tract_init_infectors__test_strat__result
88,3,3787315,0,0,graph__test__tract_init_infectors__test_strat__result
89,0,925302,0,0,graph__test__tract_init_infectors__test_strat__result
89,1,2936160,0,0,graph__test__tract_init_infectors__test_strat__result
89,2,15912458,0,0,graph__test__tract_init_infectors__test_strat__result
89,3,3787315,0,0,graph__test__tract_init_infectors__test_strat__result
90,0,925302,0,0,graph__test__tract_init_infectors__test_strat__result
90,1,2936160,0,0,graph__test__tract_init_infectors__test_strat__result
90,2,15912458,0,0,graph__test__tract_init_infectors__test_strat__result
90,3,3787315,0,0,graph__test__tract_init_infectors__test_strat__result
91,0,925302,0,0,graph__test__tract_init_infectors__test_strat__result
91,1,2936160,0,0,graph__test__tract_init_infectors__test_strat__result
91,2,15912458,0,0,graph__test__tract_init_infectors__test_strat__result
91,3,3787315,0,0,graph__test__tract_init_infectors__test_strat__result
92,0,925302,0,0,graph__test__tract_init_infectors__test_strat__result
92,1,2936160,0,0,graph__test__tract_init_infectors__test_strat__result
92,2,15912458,0,0,graph__test__tract_init_infectors__test_strat__result
92,3,3787315,0,0,graph__test__tract_init_infectors__test_strat__result
93,0,925302,0,0,graph__test__tract_init_infectors__test_strat__result
93,1,2936160,0,0,graph__test__tract_init_infectors__test_strat__result
93,2,15912458,0,0,graph__test__tract_init_infectors__test_strat__result
93,3,3787315,0,0,graph__test__tract_init_infectors__test_strat__result
94,0,925302,0,0,graph__test__tract_init_infectors__test_strat__result
94,1,2936160,0,0,graph__test__tract_init_infectors__test_strat__result
94,2,15912458,0,0,graph__test__tract_init_infectors__test_strat__result
94,3,3787315,0,0,graph__test__tract_init_infectors__test_strat__result
95,0,925302,0,0,graph__test__tract_init_infectors__test_strat__result
95,1,2936160,0,0,graph__test__tract_init_infectors__test_strat__result
95,2,15912458,0,0,graph__test__tract_init_infectors__test_strat__result
95,3,3787315,0,0,graph__test__tract_init_infectors__test_strat__result
96,0,925302,0,0,graph__test__tract_init_infectors__test_strat__result
96,1,2936160,0,0,graph__test__tract_init_infectors__test_strat__result
96,2,15912458,0,0,graph__test__tract_init_infectors__test_strat__result
96,3,3787315,0,0,graph__test__tract_init_infectors__test_strat__result
97,0,925302,0,0,graph__test__tract_init_infectors__test_strat__result
97,1,2936160,0,0,graph__test__tract_init_infectors__test_strat__result
97,2,15912458,0,0,graph__test__tract_init_infectors__test_strat__result
97,3,3787315,0,0,graph__test__tract_init_infectors__test_strat__result
98,0,925302,0,0,graph__test__tract_init_infectors__test_strat__result
98,1,2936160,0,0,graph__test__tract_init_infectors__test_strat__result
98,2,15912458,0,0,graph__test__tract_init_infectors__test_strat__result
98,3,3787315,0,0,graph__test__tract_init_infectors__test_strat__result
99,0,925302,0,0,graph__test__tract_init_infectors__test_strat__result
99,1,2936160,0,0,graph__test__tract_init_infectors__test_strat__result
99,2,15912458,0,0,graph__test__tract_init_infectors__test_strat__result
99,3,3787315,0,0,graph__test__tract_init_infectors__test_strat__result
100,0,925302,0,0,graph__test__tract_init_infectors__test_strat__result
100,1,2936160,0,0,graph__test__tract_init_infectors__test_strat__result
100,2,15912458,0,0,graph__test__tract_init_infectors__test_strat__result
100,3,3787315,0,0,graph__test__tract_init_infectors__test_strat__result
101,0,925302,0,0,graph__test__tract_init_infectors__test_strat__result
101,1,2936160,0,0,graph__test__tract_init_infectors__test_strat__result
101,2,15912458,0,0,graph__test__tract_init_infectors__test_strat__result
101,3,3787315,0,0,graph__test__tract_init_infectors__test_strat__result
102,0,925302,0,0,graph__test__tract_init_infectors__test_strat__result
102,1,2936160,0,0,graph__test__tract_init_infectors__test_strat__result
102,2,15912458,0,0,graph__test__tract_init_infectors__test_strat__result
102,3,3787315,0,0,graph__test__tract_init_infectors__test_strat__result
103,0,925302,0,0,graph__test__tract_init_infectors__test_strat__result
103,1,2936160,0,0,graph__test__tract_init_infectors__test_strat__result
103,2,15912458,0,0,graph__test__tract_init_infectors__test_strat__result
103,3,3787315,0,0,graph__test__tract_init_infectors__test_strat__result
104,0,925302,0,0,graph__test__tract_init_infectors__test_strat__result
104,1,2936160,0,0,graph__test__tract_init_infectors__test_strat__result
104,2,15912458,0,0,graph__test__tract_init_infectors__test_strat__result
104,3,3787315,0,0,graph__test__tract_init_infectors__test_strat__result
105,0,925302,0,0,graph__test__tract_init_infectors__test_strat__result
105,1,2936160,0,0,graph__test__tract_init_infectors__test_strat__result
105,2,15912458,0,0,graph__test__tract_init_infectors__test_strat__result
105,3,3787315,0,0,graph__test__tract_init_infectors__test_strat__result
106,0,925302,0,0,graph__test__tract_init_infectors__test_strat__result
106,1,2936160,0,0,graph__test__tract_init_infectors__test_strat__result
106,2,15912458,0,0,graph__test__tract_init_infectors__test_strat__result
106,3,3787315,0,0,graph__test__tract_init_infectors__test_strat__result
107,0,925302,0,0,graph__test__tract_init_infectors__test_strat__result
107,1,2936160,0,0,graph__test__tract_init_infectors__test_strat__result
107,2,15912458,0,0,graph__test__tract_init_infectors__test_strat__result
107,3,3787315,0,0,graph__test__tract_init_infectors__test_strat__result
108,0,925302,0,0,graph__test__tract_init_infectors__test_strat__result
108,1,2936160,0,0,graph__test__tract_init_infectors__test_strat__result
108,2,15912458,0,0,graph__test__tract_init_infectors__test_strat__result
108,3,3787315,0,0,graph__test__tract_init_infectors__test_strat__result
109,0,925302,0,0,graph__test__tract_init_infectors__test_strat__result
109,1,2936160,0,0,graph__test__tract_init_infectors__test_strat__result
109,2,15912458,0,0,graph__test__tract_init_infectors__test_strat__result
109,3,3787315,0,0,graph__test__tract_init_infectors__test_strat__result
110,0,925302,0,0,graph__test__tract_init_infectors__test_strat__result
110,1,2936160,0,0,graph__test__tract_init_infectors__test_strat__result
110,2,15912458,0,0,graph__test__tract_init_infectors__test_strat__result
110,3,3787315,0,0,graph__test__tract_init_infectors__test_strat__result
111,0,925302,0,0,graph__test__tract_init_infectors__test_strat__result
111,1,2936160,0,0,graph__test__tract_init_infectors__test_strat__result
111,2,15912458,0,0,graph__test__tract_init_infectors__test_strat__result
111,3,3787315,0,0,graph__test__tract_init_infectors__test_strat__result
112,0,925302,0,0,graph__test__tract_init_infectors__test_strat__result
112,1,2936160,0,0,graph__test__tract_init_infectors__test_strat__result
112,2,15912458,0,0,graph__test__tract_init_infectors__test_strat__result
112,3,3787315,0,0,graph__test__tract_init_infectors__test_strat__result
113,0,925302,0,0,graph__test__tract_init_infectors__test_strat__result
113,1,2936160,0,0,graph__test__tract_init_infectors__test_strat__result
113,2,15912458,0,0,graph__test__tract_init_infectors__test_strat__result
113,3,3787315,0,0,graph__test__tract_init_infectors__test_strat__result
114,0,925302,0,0,graph__test__tract_init_infectors__test_strat__result
114,1,2936160,0,0,graph__test__tract_init_infectors__test_strat__result
114,2,15912458,0,0,graph__test__tract_init_infectors__test_strat__result
114,3,3787315,0,0,graph__test__tract_init_infectors__test_strat__result
115,0,925302,0,0,graph__test__tract_init_infectors__test_strat__result
115,1,2936160,0,0,graph__test__tract_init_infectors__test_strat__result
115,2,15912458,0,0,graph__test__tract_init_infectors__test_strat__result
115,3,3787315,0,0,graph__test__tract_init_infectors__test_strat__result
116,0,925302,0,0,graph__test__tract_init_infectors__test_strat__result
116,1,2936160,0,0,graph__test__tract_init_infectors__test_strat__result
116,2,15912458,0,0,graph__test__tract_init_infectors__test_strat__result
116,3,3787315,0,0,graph__test__tract_init_infectors__test_strat__result
117,0,925302,0,0,graph__test__tract_init_infectors__test_strat__result
117,1,2936160,0,0,graph__test__tract_init_infectors__test_strat__result
117,2,15912458,0,0,graph__test__tract_init_infectors__test_strat__result
117,3,3787315,0,0,graph__test__tract_init_infectors__test_strat__result
118,0,925302,0,0,graph__test__tract_init_infectors__test_strat__result
118,1,2936160,0,0,graph__test__tract_init_infectors__test_strat__result
118,2,15912458,0,0,graph__test__tract_init_infectors__test_strat__result
118,3,3787315,0,0,graph__test__tract_init_infectors__test_strat__result
119,0,925302,0,0,graph__test__tract_init_infectors__test_strat__result
119,1,2936160,0,0,graph__test__tract_init_infectors__test_strat__result
119,2,15912458,0,0,graph__test__tract_init_infectors__test_strat__result
119,3,3787315,0,0,graph__test__tract_init_infectors__test_strat__result
120,0,925302,0,0,graph__test__tract_init_infectors__test_strat__result
120,1,2936160,0,0,graph__test__tract_init_infectors__test_strat__result
120,2,15912458,0,0,graph__test__tract_init_infectors__test_strat__result
120,3,3787315,0,0,graph__test__tract_init_infectors__test_strat__result
121,0,925302,0,0,graph__test__tract_init_infectors__test_strat__result
121,1,2936160,0,0,graph__test__tract_init_infectors__test_strat__result
121,2,15912458,0,0,graph__test__tract_init_infectors__test_strat__result
121,3,3787315,0,0,graph__test__tract_init_infectors__test_strat__result
122,0,925302,0,0,graph__test__tract_init_infectors__test_strat__result
122,1,2936160,0,0,graph__test__tract_init_infectors__test_strat__result
122,2,15912458,0,0,graph__test__tract_init_infectors__test_strat__result
122,3,3787315,0,0,graph__test__tract_init_infectors__test_strat__result
123,0,925302,0,0,graph__test__tract_init_infectors__test_strat__result
123,1,2936160,0,0,graph__test__tract_init_infectors__test_strat__result
123,2,15912458,0,0,graph__test__tract_init_infectors__test_strat__result
123,3,3787315,0,0,graph__test__tract_init_infectors__test_strat__result
124,0,925302,0,0,graph__test__tract_init_infectors__test_strat__result
124,1,2936160,0,0,graph__test__tract_init_infectors__test_strat__result
124,2,15912458,0,0,graph__test__tract_init_infectors__test_strat__result
124,3,3787315,0,0,graph__test__tract_init_infectors__test_strat__result
125,0,925302,0,0,graph__test__tract_init_infectors__test_strat__result
125,1,2936160,0,0,graph__test__tract_init_infectors__test_strat__result
125,2,15912458,0,0,graph__test__tract_init_infectors__test_strat__result
125,3,3787315,0,0,graph__test__tract_init_infectors__test_strat__result
126,0,925302,0,0,graph__test__tract_init_infectors__test_strat__result
126,1,2936160,0,0,graph__test__tract_init_infectors__test_strat__result
126,2,15912458,0,0,graph__test__tract_init_infectors__test_strat__result
126,3,3787315,0,0,graph__test__tract_init_infectors__test_strat__result
127,0,925302,0,0,graph__test__tract_init_infectors__test_strat__result
127,1,2936160,0,0,graph__test__tract_init_infectors__test_strat__result
127,2,15912458,0,0,graph__test__tract_init_infectors__test_strat__result
127,3,3787315,0,0,graph__test__tract_init_infectors__test_strat__result
128,0,925302,0,0,graph__test__tract_init_infectors__test_strat__result
128,1,2936160,0,0,graph__test__tract_init_infectors__test_strat__result
128,2,15912458,0,0,graph__test__tract_init_infectors__test_strat__result
128,3,3787315,0,0,graph__test__tract_init_infectors__test_strat__result
129,0,925302,0,0,graph__test__tract_init_infectors__test_strat__result
129,1,2936160,0,0,graph__test__tract_init_infectors__test_strat__result
129,2,15912458,0,0,graph__test__tract_init_infectors__test_strat__result
129,3,3787315,0,0,graph__test__tract_init_infectors__test_strat__result
130,0,925302,0,0,graph__test__tract_init_infectors__test_strat__result
130,1,2936160,0,0,graph__test__tract_init_infectors__test_strat__result
130,2,15912458,0,0,graph__test__tract_init_infectors__test_strat__result
130,3,3787315,0,0,graph__test__tract_init_infectors__test_strat__result
131,0,925302,0,0,graph__test__tract_init_infectors__test_strat__result
131,1,2936160,0,0,graph__test__tract_init_infectors__test_strat__result
131,2,15912458,0,0,graph__test__tract_init_infectors__test_strat__result
131,3,3787315,0,0,graph__test__tract_init_infectors__test_strat__result
132,0,925302,0,0,graph__test__tract_init_infectors__test_strat__result
132,1,2936160,0,0,graph__test__tract_init_infectors__test_strat__result
132,2,15912458,0,0,graph__test__tract_init_infectors__test_strat__result
132,3,3787315,0,0,graph__test__tract_init_infectors__test_strat__result
133,0,925302,0,0,graph__test__tract_init_infectors__test_strat__result
133,1,2936160,0,0,graph__test__tract_init_infectors__test_strat__result
133,2,15912458,0,0,graph__test__tract_init_infectors__test_strat__result
133,3,3787315,0,0,graph__test__tract_init_infectors__test_strat__result
134,0,925302,0,0,graph__test__tract_init_infectors__test_strat__result
134,1,2936160,0,0,graph__test__tract_init_infectors__test_strat__result
134,2,15912458,0,0,graph__test__tract_init_infectors__test_strat__result
134,3,3787315,0,0,graph__test__tract_init_infectors__test_strat__result
135,0,925302,0,0,graph__test__tract_init_infectors__test_strat__result
135,1,2936160,0,0,graph__test__tract_init_infectors__test_strat__result
135,2,15912458,0,0,graph__test__tract_init_infectors__test_strat__result
135,3,3787315,0,0,graph__test__tract_init_infectors__test_strat__result
136,0,925302,0,0,graph__test__tract_init_infectors__test_strat__result
136,1,2936160,0,0,graph__test__tract_init_infectors__test_strat__result
136,2,15912458,0,0,graph__test__tract_init_infectors__test_strat__result
136,3,3787315,0,0,graph__test__tract_init_infectors__test_strat__result
137,0,925302,0,0,graph__test__tract_init_infectors__test_strat__result
137,1,2936160,0,0,graph__test__tract_init_infectors__test_strat__result
137,2,15912458,0,0,graph__test__tract_init_infectors__test_strat__result
137,3,3787315,0,0,graph__test__tract_init_infectors__test_strat__result
138,0,925302,0,0,graph__test__tract_init_infectors__test_strat__result
138,1,2936160,0,0,graph__test__tract_init_infectors__test_strat__result
138,2,15912458,0,0,graph__test__tract_init_infectors__test_strat__result
138,3,3787315,0,0,graph__test__tract_init_infectors__test_strat__result
139,0,925302,0,0,graph__test__tract_init_infectors__test_strat__result
139,1,2936160,0,0,graph__test__tract_init_infectors__test_strat__result
139,2,15912458,0,0,graph__test__tract_init_infectors__test_strat__result
139,3,3787315,0,0,graph__test__tract_init_infectors__test_strat__result
140,0,925302,0,0,graph__test__tract_init_infectors__test_strat__result
140,1,2936160,0,0,graph__test__tract_init_infectors__test_strat__result
140,2,15912458,0,0,graph__test__tract_init_infectors__test_strat__result
140,3,3787315,0,0,graph__test__tract_init_infectors__test_strat__result
141,0,925302,0,0,graph__test__tract_init_infectors__test_strat__result
141,1,2936160,0,0,graph__test__tract_init_infectors__test_strat__result
141,2,15912458,0,0,graph__test__tract_init_infectors__test_strat__result
141,3,3787315,0,0,graph__test__tract_init_infectors__test_strat__result
142,0,925302,0,0,graph__test__tract_init_infectors__test_strat__result
142,1,2936160,0,0,graph__test__tract_init_infectors__test_strat__result
142,2,15912458,0,0,graph__test__tract_init_infectors__test_strat__result
142,3,3787315,0,0,graph__test__tract_init_infectors__test_strat__result
143,0,925302,0,0,graph__test__tract_init_infectors__test_strat__result
143,1,2936160,0,0,graph__test__tract_init_infectors__test_strat__result
143,2,15912458,0,0,graph__test__tract_init_infectors__test_strat__result
143,3,3787315,0,0,graph__test__tract_init_infectors__test_strat__result
144,0,925302,0,0,graph__test__tract_init_infectors__test_strat__result
144,1,2936160,0,0,graph__test__tract_init_infectors__test_strat__result
144,2,15912458,0,0,graph__test__tract_init_infectors__test_strat__result
144,3,3787315,0,0,graph__test__tract_init_infectors__test_strat__result
145,0,925302,0,0,graph__test__tract_init_infectors__test_strat__result
145,1,2936160,0,0,graph__test__tract_init_infectors__test_strat__result
145,2,15912458,0,0,graph__test__tract_init_infectors__test_strat__result
145,3,3787315,0,0,graph__test__tract_init_infectors__test_strat__result
146,0,925302,0,0,graph__test__tract_init_infectors__test_strat__result
146,1,2936160,0,0,graph__test__tract_init_infectors__test_strat__result
146,2,15912458,0,0,graph__test__tract_init_infectors__test_strat__result
146,3,3787315,0,0,graph__test__tract_init_infectors__test_strat__result
147,0,925302,0,0,graph__test__tract_init_infectors__test_strat__result
147,1,2936160,0,0,graph__test__tract_init_infectors__test_strat__result
147,2,15912458,0,0,graph__test__tract_init_infectors__test_strat__result
147,3,3787315,0,0,graph__test__tract_init_infectors__test_strat__result
148,0,925302,0,0,graph__test__tract_init_infectors__test_strat__result
148,1,2936160,0,0,graph__test__tract_init_infectors__test_strat__result
148,2,15912458,0,0,graph__test__tract_init_infectors__test_strat__result
148,3,3787315,0,0,graph__test__tract_init_infectors__test_strat__result
149,0,925302,0,0,graph__test__tract_init_infectors__test_strat__result
149,1,2936160,0,0,graph__test__tract_init_infectors__test_strat__result
149,2,15912458,0,0,graph__test__tract_init_infectors__test_strat__result
149,3,3787315,0,0,graph__test__tract_init_infectors__test_strat__result
150,0,925302,0,0,graph__test__tract_init_infectors__test_strat__result
150,1,2936160,0,0,graph__test__tract_init_infectors__test_strat__result
150,2,15912458,0,0,graph__test__tract_init_infectors__test_strat__result
150,3,3787315,0,0,graph__test__tract_init_infectors__test_strat__result
151,0,925302,0,0,graph__test__tract_init_infectors__test_strat__result
151,1,2936160,0,0,graph__test__tract_init_infectors__test_strat__result
151,2,15912458,0,0,graph__test__tract_init_infectors__test_strat__result
151,3,3787315,0,0,graph__test__tract_init_infectors__test_strat__result
152,0,925302,0,0,graph__test__tract_init_infectors__test_strat__result
152,1,2936160,0,0,graph__test__tract_init_infectors__test_strat__result
152,2,15912458,0,0,graph__test__tract_init_infectors__test_strat__result
152,3,3787315,0,0,graph__test__tract_init_infectors__test_strat__result
153,0,925302,0,0,graph__test__tract_init_infectors__test_strat__result
153,1,2936160,0,0,graph__test__tract_init_infectors__test_strat__result
153,2,15912458,0,0,graph__test__tract_init_infectors__test_strat__result
153,3,3787315,0,0,graph__test__tract_init_infectors__test_strat__result
154,0,925302,0,0,graph__test__tract_init_infectors__test_strat__result
154,1,2936160,0,0,graph__test__tract_init_infectors__test_strat__result
154,2,15912458,0,0,graph__test__tract_init_infectors__test_strat__result
154,3,3787315,0,0,graph__test__tract_init_infectors__test_strat__result
155,0,925302,0,0,graph__test__tract_init_infectors__test_strat__result
155,1,2936160,0,0,graph__test__tract_init_infectors__test_strat__result
155,2,15912458,0,0,graph__test__tract_init_infectors__test_strat__result
155,3,3787315,0,0,graph__test__tract_init_infectors__test_strat__result
156,0,925302,0,0,graph__test__tract_init_infectors__test_strat__result
156,1,2936160,0,0,graph__test__tract_init_infectors__test_strat__result
156,2,15912458,0,0,graph__test__tract_init_infectors__test_strat__result
156,3,3787315,0,0,graph__test__tract_init_infectors__test_strat__result
157,0,925302,0,0,graph__test__tract_init_infectors__test_strat__result
157,1,2936160,0,0,graph__test__tract_init_infectors__test_strat__result
157,2,15912458,0,0,graph__test__tract_init_infectors__test_strat__result
157,3,3787315,0,0,graph__test__tract_init_infectors__test_strat__result
158,0,925302,0,0,graph__test__tract_init_infectors__test_strat__result
158,1,2936160,0,0,graph__test__tract_init_infectors__test_strat__result
158,2,15912458,0,0,graph__test__tract_init_infectors__test_strat__result
158,3,3787315,0,0,graph__test__tract_init_infectors__test_strat__result
159,0,925302,0,0,graph__test__tract_init_infectors__test_strat__result
159,1,2936160,0,0,graph__test__tract_init_infectors__test_strat__result
159,2,15912458,0,0,graph__test__tract_init_infectors__test_strat__result
159,3,3787315,0,0,graph__test__tract_init_infectors__test_strat__result
160,0,925302,0,0,graph__test__tract_init_infectors__test_strat__result
160,1,2936160,0,0,graph__test__tract_init_infectors__test_strat__result
160,2,15912458,0,0,graph__test__tract_init_infectors__test_strat__result
160,3,3787315,0,0,graph__test__tract_init_infectors__test_strat__result
161,0,925302,0,0,graph__test__tract_init_infectors__test_strat__result
161,1,2936160,0,0,graph__test__tract_init_infectors__test_strat__result
161,2,15912458,0,0,graph__test__tract_init_infectors__test_strat__result
161,3,3787315,0,0,graph__test__tract_init_infectors__test_strat__result
162,0,925302,0,0,graph__test__tract_init_infectors__test_strat__result
162,1,2936160,0,0,graph__test__tract_init_infectors__test_strat__result
162,2,15912458,0,0,graph__test__tract_init_infectors__test_strat__result
162,3,3787315,0,0,graph__test__tract_init_infectors__test_strat__result
163,0,925302,0,0,graph__test__tract_init_infectors__test_strat__result
163,1,2936160,0,0,graph__test__tract_init_infectors__test_strat__result
163,2,15912458,0,0,graph__test__tract_init_infectors__test_strat__result
163,3,3787315,0,0,graph__test__tract_init_infectors__test_strat__result
164,0,925302,0,0,graph__test__tract_init_infectors__test_strat__result
164,1,2936160,0,0,graph__test__tract_init_infectors__test_strat__result
164,2,15912458,0,0,graph__test__tract_init_infectors__test_strat__result
164,3,3787315,0,0,graph__test__tract_init_infectors__test_strat__result
165,0,925302,0,0,graph__test__tract_init_infectors__test_strat__result
165,1,2936160,0,0,graph__test__tract_init_infectors__test_strat__result
165,2,15912458,0,0,graph__test__tract_init_infectors__test_strat__result
165,3,3787315,0,0,graph__test__tract_init_infectors__test_strat__result
166,0,925302,0,0,graph__test__tract_init_infectors__test_strat__result
166,1,2936160,0,0,graph__test__tract_init_infectors__test_strat__result
166,2,15912458,0,0,graph__test__tract_init_infectors__test_strat__result
166,3,3787315,0,0,graph__test__tract_init_infectors__test_strat__result
167,0,925302,0,0,graph__test__tract_init_infectors__test_strat__result
167,1,2936160,0,0,graph__test__tract_init_infectors__test_strat__result
167,2,15912458,0,0,graph__test__tract_init_infectors__test_strat__result
167,3,3787315,0,0,graph__test__tract_init_infectors__test_strat__result
168,0,925302,0,0,graph__test__tract_init_infectors__test_strat__result
168,1,2936160,0,0,graph__test__tract_init_infectors__test_strat__result
168,2,15912458,0,0,graph__test__tract_init_infectors__test_strat__result
168,3,3787315,0,0,graph__test__tract_init_infectors__test_strat__result
169,0,925302,0,0,graph__test__tract_init_infectors__test_strat__result
169,1,2936160,0,0,graph__test__tract_init_infectors__test_strat__result
169,2,15912458,0,0,graph__test__tract_init_infectors__test_strat__result
169,3,3787315,0,0,graph__test__tract_init_infectors__test_strat__result
170,0,925302,0,0,graph__test__tract_init_infectors__test_strat__result
170,1,2936160,0,0,graph__test__tract_init_infectors__test_strat__result
170,2,15912458,0,0,graph__test__tract_init_infectors__test_strat__result
170,3,3787315,0,0,graph__test__tract_init_infectors__test_strat__result
171,0,925302,0,0,graph__test__tract_init_infectors__test_strat__result
171,1,2936160,0,0,graph__test__tract_init_infectors__test_strat__result
171,2,15912458,0,0,graph__test__tract_init_infectors__test_strat__result
171,3,3787315,0,0,graph__test__tract_init_infectors__test_strat__result
172,0,925302,0,0,graph__test__tract_init_infectors__test_strat__result
172,1,2936160,0,0,graph__test__tract_init_infectors__test_strat__result
172,2,15912458,0,0,graph__test__tract_init_infectors__test_strat__result
172,3,3787315,0,0,graph__test__tract_init_infectors__test_strat__result
173,0,925302,0,0,graph__test__tract_init_infectors__test_strat__result
173,1,2936160,0,0,graph__test__tract_init_infectors__test_strat__result
173,2,15912458,0,0,graph__test__tract_init_infectors__test_strat__result
173,3,3787315,0,0,graph__test__tract_init_infectors__test_strat__result
174,0,925302,0,0,graph__test__tract_init_infectors__test_strat__result
174,1,2936160,0,0,graph__test__tract_init_infectors__test_strat__result
174,2,15912458,0,0,graph__test__tract_init_infectors__test_strat__result
174,3,3787315,0,0,graph__test__tract_init_infectors__test_strat__result
175,0,925302,0,0,graph__test__tract_init_infectors__test_strat__result
175,1,2936160,0,0,graph__test__tract_init_infectors__test_strat__result
175,2,15912458,0,0,graph__test__tract_init_infectors__test_strat__result
175,3,3787315,0,0,graph__test__tract_init_infectors__test_strat__result
176,0,925302,0,0,graph__test__tract_init_infectors__test_strat__result
176,1,2936160,0,0,graph__test__tract_init_infectors__test_strat__result
176,2,15912458,0,0,graph__test__tract_init_infectors__test_strat__result
176,3,3787315,0,0,graph__test__tract_init_infectors__test_strat__result
177,0,925302,0,0,graph__test__tract_init_infectors__test_strat__result
177,1,2936160,0,0,graph__test__tract_init_infectors__test_strat__result
177,2,15912458,0,0,graph__test__tract_init_infectors__test_strat__result
177,3,3787315,0,0,graph__test__tract_init_infectors__test_strat__result
178,0,925302,0,0,graph__test__tract_init_infectors__test_strat__result
178,1,2936160,0,0,graph__test__tract_init_infectors__test_strat__result
178,2,15912458,0,0,graph__test__tract_init_infectors__test_strat__result
178,3,3787315,0,0,graph__test__tract_init_infectors__test_strat__result
179,0,925302,0,0,graph__test__tract_init_infectors__test_strat__result
179,1,2936160,0,0,graph__test__tract_init_infectors__test_strat__result
179,2,15912458,0,0,graph__test__tract_init_infectors__test_strat__result
179,3,3787315,0,0,graph__test__tract_init_infectors__test_strat__result
0,4,23561235,1,0,graph__test__tract_init_infectors__test_strat__result
1,4,23561235,0,0,graph__test__tract_init_infectors__test_strat__result
2,4,23561235,0,0,graph__test__tract_init_infectors__test_strat__result
3,4,23561235,0,0,graph__test__tract_init_infectors__test_strat__result
4,4,23561235,0,0,graph__test__tract_init_infectors__test_strat__result
5,4,23561235,0,0,graph__test__tract_init_infectors__test_strat__result
6,4,23561235,0,0,graph__test__tract_init_infectors__test_strat__result
7,4,23561235,0,0,graph__test__tract_init_infectors__test_strat__result
8,4,23561235,0,0,graph__test__tract_init_infectors__test_strat__result
9,4,23561235,0,0,graph__test__tract_init_infectors__test_strat__result
10,4,23561235,0,0,graph__test__tract_init_infectors__test_strat__result
11,4,23561235,0,0,graph__test__tract_init_infectors__test_strat__result
12,4,23561235,0,0,graph__test__tract_init_infectors__test_strat__result
13,4,23561235,0,0,graph__test__tract_init_infectors__test_strat__result
14,4,23561235,0,0,graph__test__tract_init_infectors__test_strat__result
15,4,23561235,0,0,graph__test__tract_init_infectors__test_strat__result
16,4,23561235,0,0,graph__test__tract_init_infectors__test_strat__result
17,4,23561235,0,0,graph__test__tract_init_infectors__test_strat__result
18,4,23561235,0,0,graph__test__tract_init_infectors__test_strat__result
19,4,23561235,0,0,graph__test__tract_init_infectors__test_strat__result
20,4,23561235,0,0,graph__test__tract_init_infectors__test_strat__result
21,4,23561235,0,0,graph__test__tract_init_infectors__test_strat__result
22,4,23561235,0,0,graph__test__tract_init_infectors__test_strat__result
23,4,23561235,0,0,graph__test__tract_init_infectors__test_strat__result
24,4,23561235,0,0,graph__test__tract_init_infectors__test_strat__result
25,4,23561235,0,0,graph__test__tract_init_infectors__test_strat__result
26,4,23561235,0,0,graph__test__tract_init_infectors__test_strat__result
27,4,23561235,0,0,graph__test__tract_init_infectors__test_strat__result
28,4,23561235,0,0,graph__test__tract_init_infectors__test_strat__result
29,4,23561235,0,0,graph__test__tract_init_infectors__test_strat__result
30,4,23561235,0,0,graph__test__tract_init_infectors__test_strat__result
31,4,23561235,0,0,graph__test__tract_init_infectors__test_strat__result
32,4,23561235,0,0,graph__test__tract_init_infectors__test_strat__result
33,4,23561235,0,0,graph__test__tract_init_infectors__test_strat__result
34,4,23561235,0,0,graph__test__tract_init_infectors__test_strat__result
35,4,23561235,0,0,graph__test__tract_init_infectors__test_strat__result
36,4,23561235,0,0,graph__test__tract_init_infectors__test_strat__result
37,4,23561235,0,0,graph__test__tract_init_infectors__test_strat__result
38,4,23561235,0,0,graph__test__tract_init_infectors__test_strat__result
39,4,23561235,0,0,graph__test__tract_init_infectors__test_strat__result
40,4,23561235,0,0,graph__test__tract_init_infectors__test_strat__result
41,4,23561235,0,0,graph__test__tract_init_infectors__test_strat__result
42,4,23561235,0,0,graph__test__tract_init_infectors__test_strat__result
43,4,23561235,0,0,graph__test__tract_init_infectors__test_strat__result
44,4,23561235,0,0,graph__test__tract_init_infectors__test_strat__result
45,4,23561235,0,0,graph__test__tract_init_infectors__test_strat__result
46,4,23561235,0,0,graph__test__tract_init_infectors__test_strat__result
47,4,23561235,0,0,graph__test__tract_init_infectors__test_strat__result
48,4,23561235,0,0,graph__test__tract_init_infectors__test_strat__result
49,4,23561235,0,0,graph__test__tract_init_infectors__test_strat__result
50,4,23561235,0,0,graph__test__tract_init_infectors__test_strat__result
51,4,23561235,0,0,graph__test__tract_init_infectors__test_strat__result
52,4,23561235,0,0,graph__test__tract_init_infectors__test_strat__result
53,4,23561235,0,0,graph__test__tract_init_infectors__test_strat__result
54,4,23561235,0,0,graph__test__tract_init_infectors__test_strat__result
55,4,23561235,0,0,graph__test__tract_init_infectors__test_strat__result
56,4,23561235,0,0,graph__test__tract_init_infectors__test_strat__result
57,4,23561235,0,0,graph__test__tract_init_infectors__test_strat__result
58,4,23561235,0,0,graph__test__tract_init_infectors__test_strat__result
59,4,23561235,0,0,graph__test__tract_init_infectors__test_strat__result
60,4,23561235,0,0,graph__test__tract_init_infectors__test_strat__result
61,4,23561235,0,0,graph__test__tract_init_infectors__test_strat__result
62,4,23561235,0,0,graph__test__tract_init_infectors__test_strat__result
63,4,23561235,0,0,graph__test__tract_init_infectors__test_strat__result
64,4,23561235,0,0,graph__test__tract_init_infectors__test_strat__result
65,4,23561235,0,0,graph__test__tract_init_infectors__test_strat__result
66,4,23561235,0,0,graph__test__tract_init_infectors__test_strat__result
67,4,23561235,0,0,graph__test__tract_init_infectors__test_strat__result
68,4,23561235,0,0,graph__test__tract_init_infectors__test_strat__result
69,4,23561235,0,0,graph__test__tract_init_infectors__test_strat__result
70,4,23561235,0,0,graph__test__tract_init_infectors__test_strat__result
71,4,23561235,0,0,graph__test__tract_init_infectors__test_strat__result
72,4,23561235,0,0,graph__test__tract_init_infectors__test_strat__result
73,4,23561235,0,0,graph__test__tract_init_infectors__test_strat__result
74,4,23561235,0,0,graph__test__tract_init_infectors__test_strat__result
75,4,23561235,0,0,graph__test__tract_init_infectors__test_strat__result
76,4,23561235,0,0,graph__test__tract_init_infectors__test_strat__result
77,4,23561235,0,0,graph__test__tract_init_infectors__test_strat__result
78,4,23561235,0,0,graph__test__tract_init_infectors__test_strat__result
79,4,23561235,0,0,graph__test__tract_init_infectors__test_strat__result
80,4,23561235,0,0,graph__test__tract_init_infectors__test_strat__result
81,4,23561235,0,0,graph__test__tract_init_infectors__test_strat__result
82,4,23561235,0,0,graph__test__tract_init_infectors__test_strat__result
83,4,23561235,0,0,graph__test__tract_init_infectors__test_strat__result
84,4,23561235,0,0,graph__test__tract_init_infectors__test_strat__result
85,4,23561235,0,0,graph__test__tract_init_infectors__test_strat__result
86,4,23561235,0,0,graph__test__tract_init_infectors__test_strat__result
87,4,23561235,0,0,graph__test__tract_init_infectors__test_strat__result
88,4,23561235,0,0,graph__test__tract_init_infectors__test_strat__result
89,4,23561235,0,0,graph__test__tract_init_infectors__test_strat__result
90,4,23561235,0,0,graph__test__tract_init_infectors__test_strat__result
91,4,23561235,0,0,graph__test__tract_init_infectors__test_strat__result
92,4,23561235,0,0,graph__test__tract_init_infectors__test_strat__result
93,4,23561235,0,0,graph__test__tract_init_infectors__test_strat__result
94,4,23561235,0,0,graph__test__tract_init_infectors__test_strat__result
95,4,23561235,0,0,graph__test__tract_init_infectors__test_strat__result
96,4,23561235,0,0,graph__test__tract_init_infectors__test_strat__result
97,4,23561235,0,0,graph__test__tract_init_infectors__test_strat__result
98,4,23561235,0,0,graph__test__tract_init_infectors__test_strat__result
99,4,23561235,0,0,graph__test__tract_init_infectors__test_strat__result
100,4,23561235,0,0,graph__test__tract_init_infectors__test_strat__result
101,4,23561235,0,0,graph__test__tract_init_infectors__test_strat__result
102,4,23561235,0,0,graph__test__tract_init_infectors__test_strat__result
103,4,23561235,0,0,graph__test__tract_init_infectors__test_strat__result
104,4,23561235,0,0,graph__test__tract_init_infectors__test_strat__result
105,4,23561235,0,0,graph__test__tract_init_infectors__test_strat__result
106,4,23561235,0,0,graph__test__tract_init_infectors__test_strat__result
107,4,23561235,0,0,graph__test__tract_init_infectors__test_strat__result
108,4,23561235,0,0,graph__test__tract_init_infectors__test_strat__result
109,4,23561235,0,0,graph__test__tract_init_infectors__test_strat__result
110,4,23561235,0,0,graph__test__tract_init_infectors__test_strat__result
111,4,23561235,0,0,graph__test__tract_init_infectors__test_strat__result
112,4,23561235,0,0,graph__test__tract_init_infectors__test_strat__result
113,4,23561235,0,0,graph__test__tract_init_infectors__test_strat__result
114,4,23561235,0,0,graph__test__tract_init_infectors__test_strat__result
115,4,23561235,0,0,graph__test__tract_init_infectors__test_strat__result
116,4,23561235,0,0,graph__test__tract_init_infectors__test_strat__result
117,4,23561235,0,0,graph__test__tract_init_infectors__test_strat__result
118,4,23561235,0,0,graph__test__tract_init_infectors__test_strat__result
119,4,23561235,0,0,graph__test__tract_init_infectors__test_strat__result
120,4,23561235,0,0,graph__test__tract_init_infectors__test_strat__result
121,4,23561235,0,0,graph__test__tract_init_infectors__test_strat__result
122,4,23561235,0,0,graph__test__tract_init_infectors__test_strat__result
123,4,23561235,0,0,graph__test__tract_init_infectors__test_strat__result
124,4,23561235,0,0,graph__test__tract_init_infectors__test_strat__result
125,4,23561235,0,0,graph__test__tract_init_infectors__test_strat__result
126,4,23561235,0,0,graph__test__tract_init_infectors__test_strat__result
127,4,23561235,0,0,graph__test__tract_init_infectors__test_strat__result
128,4,23561235,0,0,graph__test__tract_init_infectors__test_strat__result
129,4,23561235,0,0,graph__test__tract_init_infectors__test_strat__result
130,4,23561235,0,0,graph__test__tract_init_infectors__test_strat__result
131,4,23561235,0,0,graph__test__tract_init_infectors__test_strat__result
132,4,23561235,0,0,graph__test__tract_init_infectors__test_strat__result
133,4,23561235,0,0,graph__test__tract_init_infectors__test_strat__result
134,4,23561235,0,0,graph__test__tract_init_infectors__test_strat__result
135,4,23561235,0,0,graph__test__tract_init_infectors__test_strat__result
136,4,23561235,0,0,graph__test__tract_init_infectors__test_strat__result
137,4,23561235,0,0,graph__test__tract_init_infectors__test_strat__result
138,4,23561235,0,0,graph__test__tract_init_infectors__test_strat__result
139,4,23561235,0,0,graph__test__tract_init_infectors__test_strat__result
140,4,23561235,0,0,graph__test__tract_init_infectors__test_strat__result
141,4,23561235,0,0,graph__test__tract_init_infectors__test_strat__result
142,4,23561235,0,0,graph__test__tract_init_infectors__test_strat__result
143,4,23561235,0,0,graph__test__tract_init_infectors__test_strat__result
144,4,23561235,0,0,graph__test__tract_init_infectors__test_strat__result
145,4,23561235,0,0,graph__test__tract_init_infectors__test_strat__result
146,4,23561235,0,0,graph__test__tract_init_infectors__test_strat__result
147,4,23561235,0,0,graph__test__tract_init_infectors__test_strat__result
148,4,23561235,0,0,graph__test__tract_init_infectors__test_strat__result
149,4,23561235,0,0,graph__test__tract_init_infectors__test_strat__result
150,4,23561235,0,0,graph__test__tract_init_infectors__test_strat__result
151,4,23561235,0,0,graph__test__tract_init_infectors__test_strat__result
152,4,23561235,0,0,graph__test__tract_init_infectors__test_strat__result
153,4,23561235,0,0,graph__test__tract_init_infectors__test_strat__result
154,4,23561235,0,0,graph__test__tract_init_infectors__test_strat__result
155,4,23561235,0,0,graph__test__tract_init_infectors__test_strat__result
156,4,23561235,0,0,graph__test__tract_init_infectors__test_strat__result
157,4,23561235,0,0,graph__test__tract_init_infectors__test_strat__result
158,4,23561235,0,0,graph__test__tract_init_infectors__test_strat__result
159,4,23561235,0,0,graph__test__tract_init_infectors__test_strat__result
160,4,23561235,0,0,graph__test__tract_init_infectors__test_strat__result
161,4,23561235,0,0,graph__test__tract_init_infectors__test_strat__result
162,4,23561235,0,0,graph__test__tract_init_infectors__test_strat__result
163,4,23561235,0,0,graph__test__tract_init_infectors__test_strat__result
164,4,23561235,0,0,graph__test__tract_init_infectors__test_strat__result
165,4,23561235,0,0,graph__test__tract_init_infectors__test_strat__result
166,4,23561235,0,0,graph__test__tract_init_infectors__test_strat__result
167,4,23561235,0,0,graph__test__tract_init_infectors__test_strat__result
168,4,23561235,0,0,graph__test__tract_init_infectors__test_strat__result
169,4,23561235,0,0,graph__test__tract_init_infectors__test_strat__result
170,4,23561235,0,0,graph__test__tract_init_infectors__test_strat__result
171,4,23561235,0,0,graph__test__tract_init_infectors__test_strat__result
172,4,23561235,0,0,graph__test__tract_init_infectors__test_strat__result
173,4,23561235,0,0,graph__test__tract_init_infectors__test_strat__result
174,4,23561235,0,0,graph__test__tract_init_infectors__test_strat__result
175,4,23561235,0,0,graph__test__tract_init_infectors__test_strat__result
176,4,23561235,0,0,graph__test__tract_init_infectors__test_strat__result
177,4,23561235,0,0,graph__test__tract_init_infectors__test_strat__result
178,4,23561235,0,0,graph__test__tract_init_infectors__test_strat__result
179,4,23561235,0,0,graph__test__tract_init_infectors__test_strat__result
